Date,Region,Category,Units_Sold,Revenue_USD,Cost_USD,Profit_USD
2025-01-05,North America,Software,320,131958,84316.27,47641.73
2025-01-05,North America,Hardware,152,129879,75277.55,54601.45
2025-01-05,North America,Cloud Services,380,147337,65829.93,81507.07
2025-01-05,North America,Consulting,149,97498,64334.33,33163.67
2025-01-05,Europe,Software,358,26023,15490.62,10532.38
2025-01-05,Europe,Hardware,463,10769,6640.16,4128.84
2025-01-05,Europe,Cloud Services,210,15311,10681.93,4629.07
2025-01-05,Europe,Consulting,285,95305,53125.57,42179.43
2025-01-05,Asia-Pacific,Software,219,140608,78379.45,62228.55
2025-01-05,Asia-Pacific,Hardware,320,140523,97259.71,43263.29
2025-01-05,Asia-Pacific,Cloud Services,495,75725,32348.35,43376.65
2025-01-05,Asia-Pacific,Consulting,293,129346,66579.38,62766.62
2025-01-05,Latin America,Software,356,41551,22438.74,19112.26
2025-01-05,Latin America,Hardware,216,51606,23282.42,28323.58
2025-01-05,Latin America,Cloud Services,365,97313,66626.87,30686.13
2025-01-05,Latin America,Consulting,141,78148,36672.37,41475.63
2025-01-12,North America,Software,477,130174,78752.54,51421.46
2025-01-12,North America,Hardware,255,27159,11143.79,16015.21
2025-01-12,North America,Cloud Services,409,45920,21932.95,23987.05
2025-01-12,North America,Consulting,103,29457,15539.94,13917.06
2025-01-12,Europe,Software,240,88953,50730.79,38222.21
2025-01-12,Europe,Hardware,319,47065,31460.51,15604.49
2025-01-12,Europe,Cloud Services,264,21534,9185.28,12348.72
2025-01-12,Europe,Consulting,345,101387,41930.44,59456.56
2025-01-12,Asia-Pacific,Software,416,33247,20752.65,12494.35
2025-01-12,Asia-Pacific,Hardware,266,19268,11098.86,8169.14
2025-01-12,Asia-Pacific,Cloud Services,206,149643,72247.6,77395.4
2025-01-12,Asia-Pacific,Consulting,394,61214,27520.6,33693.4
2025-01-12,Latin America,Software,178,50774,26758.94,24015.06
2025-01-12,Latin America,Hardware,188,143767,57744.97,86022.03
2025-01-12,Latin America,Cloud Services,468,49504,30365.88,19138.12
2025-01-12,Latin America,Consulting,280,139312,81050.05,58261.95
2025-01-19,North America,Software,184,74505,32391.85,42113.15
2025-01-19,North America,Hardware,467,18392,10795.91,7596.09
2025-01-19,North America,Cloud Services,456,62256,26089.47,36166.53
2025-01-19,North America,Consulting,148,87373,43472.87,43900.13
2025-01-19,Europe,Software,498,20965,13966.12,6998.88
2025-01-19,Europe,Hardware,180,123252,85230.44,38021.56
2025-01-19,Europe,Cloud Services,408,108806,68688.16,40117.84
2025-01-19,Europe,Consulting,64,131626,73291.97,58334.03
2025-01-19,Asia-Pacific,Software,228,132409,70415.23,61993.77
2025-01-19,Asia-Pacific,Hardware,101,60015,35464.25,24550.75
2025-01-19,Asia-Pacific,Cloud Services,456,120687,73456.72,47230.28
2025-01-19,Asia-Pacific,Consulting,292,72623,42096.62,30526.38
2025-01-19,Latin America,Software,219,127845,84907.02,42937.98
2025-01-19,Latin America,Hardware,183,74044,36184.57,37859.43
2025-01-19,Latin America,Cloud Services,389,105259,49001.45,56257.55
2025-01-19,Latin America,Consulting,397,28047,18012.68,10034.32
2025-01-26,North America,Software,434,54262,36466.7,17795.3
2025-01-26,North America,Hardware,170,138376,82237.83,56138.17
2025-01-26,North America,Cloud Services,308,102787,51986.65,50800.35
2025-01-26,North America,Consulting,367,31959,17904.29,14054.71
2025-01-26,Europe,Software,283,13748,8355.08,5392.92
2025-01-26,Europe,Hardware,364,137659,65145.42,72513.58
2025-01-26,Europe,Cloud Services,282,103557,48219.17,55337.83
2025-01-26,Europe,Consulting,491,128451,65392.98,63058.02
2025-01-26,Asia-Pacific,Software,436,62733,38197.58,24535.42
2025-01-26,Asia-Pacific,Hardware,130,77172,37463.31,39708.69
2025-01-26,Asia-Pacific,Cloud Services,269,36736,25457.48,11278.52
2025-01-26,Asia-Pacific,Consulting,273,122181,50083.85,72097.15
2025-01-26,Latin America,Software,175,17392,10266.59,7125.41
2025-01-26,Latin America,Hardware,247,60859,32519.09,28339.91
2025-01-26,Latin America,Cloud Services,233,80467,34138.61,46328.39
2025-01-26,Latin America,Consulting,343,128906,60927.16,67978.84
2025-02-02,North America,Software,247,116308,68585.87,47722.13
2025-02-02,North America,Hardware,289,99045,55537.74,43507.26
2025-02-02,North America,Cloud Services,173,32671,21255.45,11415.55
2025-02-02,North America,Consulting,398,96202,43863.84,52338.16
2025-02-02,Europe,Software,492,101906,58827.06,43078.94
2025-02-02,Europe,Hardware,196,122547,49628.64,72918.36
2025-02-02,Europe,Cloud Services,466,143983,61747.54,82235.46
2025-02-02,Europe,Consulting,409,81295,45145.18,36149.82
2025-02-02,Asia-Pacific,Software,490,47504,28630.99,18873.01
2025-02-02,Asia-Pacific,Hardware,464,49384,22851.04,26532.96
2025-02-02,Asia-Pacific,Cloud Services,312,95981,58427.02,37553.98
2025-02-02,Asia-Pacific,Consulting,161,56843,25720.69,31122.31
2025-02-02,Latin America,Software,418,117512,65218.08,52293.92
2025-02-02,Latin America,Hardware,303,143121,100023.85,43097.15
2025-02-02,Latin America,Cloud Services,58,30932,20728.32,10203.68
2025-02-02,Latin America,Consulting,353,17400,8782.87,8617.13
2025-02-09,North America,Software,103,76690,50377.45,26312.55
2025-02-09,North America,Hardware,165,136071,90668.33,45402.67
2025-02-09,North America,Cloud Services,471,126336,56660.26,69675.74
2025-02-09,North America,Consulting,148,136063,58567.16,77495.84
2025-02-09,Europe,Software,433,143272,57526.35,85745.65
2025-02-09,Europe,Hardware,359,31357,17704.79,13652.21
2025-02-09,Europe,Cloud Services,210,60108,28087.31,32020.69
2025-02-09,Europe,Consulting,326,48467,22836.43,25630.57
2025-02-09,Asia-Pacific,Software,441,145059,73971.48,71087.52
2025-02-09,Asia-Pacific,Hardware,225,96416,47477.0,48939.0
2025-02-09,Asia-Pacific,Cloud Services,424,117450,59936.47,57513.53
2025-02-09,Asia-Pacific,Consulting,279,147965,85370.07,62594.93
2025-02-09,Latin America,Software,313,144508,78904.64,65603.36
2025-02-09,Latin America,Hardware,335,40746,26014.01,14731.99
2025-02-09,Latin America,Cloud Services,497,107888,61827.5,46060.5
2025-02-09,Latin America,Consulting,366,146672,67259.8,79412.2
2025-02-16,North America,Software,241,55714,31846.19,23867.81
2025-02-16,North America,Hardware,221,119616,49411.11,70204.89
2025-02-16,North America,Cloud Services,95,134123,72558.31,61564.69
2025-02-16,North America,Consulting,429,46212,30733.21,15478.79
2025-02-16,Europe,Software,398,73208,50214.95,22993.05
2025-02-16,Europe,Hardware,144,106752,60403.43,46348.57
2025-02-16,Europe,Cloud Services,465,134019,65446.12,68572.88
2025-02-16,Europe,Consulting,372,16102,7737.69,8364.31
2025-02-16,Asia-Pacific,Software,272,36641,20776.93,15864.07
2025-02-16,Asia-Pacific,Hardware,329,113746,64951.05,48794.95
2025-02-16,Asia-Pacific,Cloud Services,200,82991,49906.06,33084.94
2025-02-16,Asia-Pacific,Consulting,435,45777,21801.25,23975.75
2025-02-16,Latin America,Software,225,115864,70763.38,45100.62
2025-02-16,Latin America,Hardware,296,115510,56377.84,59132.16
2025-02-16,Latin America,Cloud Services,365,39592,23100.12,16491.88
2025-02-16,Latin America,Consulting,370,120627,77139.59,43487.41
2025-02-23,North America,Software,449,87575,53472.42,34102.58
2025-02-23,North America,Hardware,141,97922,49097.95,48824.05
2025-02-23,North America,Cloud Services,264,42097,18025.71,24071.29
2025-02-23,North America,Consulting,202,134862,55398.97,79463.03
2025-02-23,Europe,Software,174,62921,35411.52,27509.48
2025-02-23,Europe,Hardware,391,32677,18862.8,13814.2
2025-02-23,Europe,Cloud Services,375,41024,16869.25,24154.75
2025-02-23,Europe,Consulting,150,105285,59078.02,46206.98
2025-02-23,Asia-Pacific,Software,109,123632,80158.13,43473.87
2025-02-23,Asia-Pacific,Hardware,152,13051,8999.65,4051.35
2025-02-23,Asia-Pacific,Cloud Services,421,97235,63456.23,33778.77
2025-02-23,Asia-Pacific,Consulting,419,83523,36735.39,46787.61
2025-02-23,Latin America,Software,196,27019,16599.89,10419.11
2025-02-23,Latin America,Hardware,324,96672,50235.24,46436.76
2025-02-23,Latin America,Cloud Services,395,38251,23838.51,14412.49
2025-02-23,Latin America,Consulting,367,100852,45917.93,54934.07
2025-03-02,North America,Software,178,142222,86583.65,55638.35
2025-03-02,North America,Hardware,288,76617,51683.08,24933.92
2025-03-02,North America,Cloud Services,138,148877,63743.47,85133.53
2025-03-02,North America,Consulting,238,124548,73667.8,50880.2
2025-03-02,Europe,Software,327,39375,22298.31,17076.69
2025-03-02,Europe,Hardware,135,77215,34560.97,42654.03
2025-03-02,Europe,Cloud Services,118,103468,44990.14,58477.86
2025-03-02,Europe,Consulting,495,88832,43831.84,45000.16
2025-03-02,Asia-Pacific,Software,481,53919,23150.14,30768.86
2025-03-02,Asia-Pacific,Hardware,338,131172,71100.67,60071.33
2025-03-02,Asia-Pacific,Cloud Services,72,66573,35294.04,31278.96
2025-03-02,Asia-Pacific,Consulting,374,114185,66770.25,47414.75
2025-03-02,Latin America,Software,272,107379,44411.01,62967.99
2025-03-02,Latin America,Hardware,145,33289,22637.55,10651.45
2025-03-02,Latin America,Cloud Services,53,51975,31060.68,20914.32
2025-03-02,Latin America,Consulting,296,37663,15862.55,21800.45
2025-03-09,North America,Software,209,104704,69121.36,35582.64
2025-03-09,North America,Hardware,466,21938,13008.94,8929.06
2025-03-09,North America,Cloud Services,317,111042,71754.43,39287.57
2025-03-09,North America,Consulting,92,48304,28762.4,19541.6
2025-03-09,Europe,Software,351,118940,55232.97,63707.03
2025-03-09,Europe,Hardware,84,107532,46059.49,61472.51
2025-03-09,Europe,Cloud Services,313,37350,15737.67,21612.33
2025-03-09,Europe,Consulting,139,98668,64475.85,34192.15
2025-03-09,Asia-Pacific,Software,440,75953,36321.36,39631.64
2025-03-09,Asia-Pacific,Hardware,163,13267,8064.57,5202.43
2025-03-09,Asia-Pacific,Cloud Services,469,21338,14152.25,7185.75
2025-03-09,Asia-Pacific,Consulting,213,70692,48796.86,21895.14
2025-03-09,Latin America,Software,457,54425,28684.22,25740.78
2025-03-09,Latin America,Hardware,148,57295,32817.28,24477.72
2025-03-09,Latin America,Cloud Services,145,95999,42077.03,53921.97
2025-03-09,Latin America,Consulting,317,148429,84390.79,64038.21
2025-03-16,North America,Software,404,81180,50491.74,30688.26
2025-03-16,North America,Hardware,133,121888,68293.63,53594.37
2025-03-16,North America,Cloud Services,236,141800,70334.91,71465.09
2025-03-16,North America,Consulting,445,49954,25814.25,24139.75
2025-03-16,Europe,Software,433,69163,47377.94,21785.06
2025-03-16,Europe,Hardware,193,64098,35119.79,28978.21
2025-03-16,Europe,Cloud Services,445,96900,41425.84,55474.16
2025-03-16,Europe,Consulting,200,97508,61011.96,36496.04
2025-03-16,Asia-Pacific,Software,230,37192,16142.79,21049.21
2025-03-16,Asia-Pacific,Hardware,272,31689,13222.79,18466.21
2025-03-16,Asia-Pacific,Cloud Services,264,113033,60185.46,52847.54
2025-03-16,Asia-Pacific,Consulting,195,84460,42675.48,41784.52
2025-03-16,Latin America,Software,123,113150,50113.85,63036.15
2025-03-16,Latin America,Hardware,217,11542,6092.18,5449.82
2025-03-16,Latin America,Cloud Services,332,49081,25472.82,23608.18
2025-03-16,Latin America,Consulting,78,29065,12904.32,16160.68
2025-03-23,North America,Software,414,64693,45025.8,19667.2
2025-03-23,North America,Hardware,119,142396,89141.81,53254.19
2025-03-23,North America,Cloud Services,413,29870,16264.22,13605.78
2025-03-23,North America,Consulting,395,36790,19398.14,17391.86
2025-03-23,Europe,Software,190,25485,13960.37,11524.63
2025-03-23,Europe,Hardware,366,13709,5715.16,7993.84
2025-03-23,Europe,Cloud Services,397,52918,33010.96,19907.04
2025-03-23,Europe,Consulting,418,71629,37251.87,34377.13
2025-03-23,Asia-Pacific,Software,471,33960,22433.29,11526.71
2025-03-23,Asia-Pacific,Hardware,222,124821,79964.42,44856.58
2025-03-23,Asia-Pacific,Cloud Services,352,139695,79179.34,60515.66
2025-03-23,Asia-Pacific,Consulting,262,138148,57057.92,81090.08
2025-03-23,Latin America,Software,196,31732,15101.17,16630.83
2025-03-23,Latin America,Hardware,96,23843,10076.78,13766.22
2025-03-23,Latin America,Cloud Services,192,27640,12853.78,14786.22
2025-03-23,Latin America,Consulting,103,62638,43768.27,18869.73
2025-03-30,North America,Software,490,116357,59954.17,56402.83
2025-03-30,North America,Hardware,273,148186,71764.84,76421.16
2025-03-30,North America,Cloud Services,457,21023,14024.0,6999.0
2025-03-30,North America,Consulting,171,76203,38154.69,38048.31
2025-03-30,Europe,Software,185,56427,33520.71,22906.29
2025-03-30,Europe,Hardware,77,94665,44380.7,50284.3
2025-03-30,Europe,Cloud Services,460,137016,65491.59,71524.41
2025-03-30,Europe,Consulting,466,131790,73911.64,57878.36
2025-03-30,Asia-Pacific,Software,269,65284,42051.94,23232.06
2025-03-30,Asia-Pacific,Hardware,95,107007,48023.15,58983.85
2025-03-30,Asia-Pacific,Cloud Services,131,132402,85632.47,46769.53
2025-03-30,Asia-Pacific,Consulting,352,66178,40879.2,25298.8
2025-03-30,Latin America,Software,335,139473,59251.55,80221.45
2025-03-30,Latin America,Hardware,168,66570,27531.06,39038.94
2025-03-30,Latin America,Cloud Services,114,11015,5650.02,5364.98
2025-03-30,Latin America,Consulting,226,110497,76926.12,33570.88
2025-04-06,North America,Software,112,138778,80246.88,58531.12
2025-04-06,North America,Hardware,226,30309,19662.94,10646.06
2025-04-06,North America,Cloud Services,154,56540,23693.29,32846.71
2025-04-06,North America,Consulting,454,115570,50868.79,64701.21
2025-04-06,Europe,Software,400,22763,14656.42,8106.58
2025-04-06,Europe,Hardware,102,90642,51360.43,39281.57
2025-04-06,Europe,Cloud Services,132,20916,13116.93,7799.07
2025-04-06,Europe,Consulting,100,131288,57602.32,73685.68
2025-04-06,Asia-Pacific,Software,495,63932,37198.99,26733.01
2025-04-06,Asia-Pacific,Hardware,83,47744,29940.25,17803.75
2025-04-06,Asia-Pacific,Cloud Services,88,46187,22197.55,23989.45
2025-04-06,Asia-Pacific,Consulting,487,24489,13455.47,11033.53
2025-04-06,Latin America,Software,317,59922,33319.57,26602.43
2025-04-06,Latin America,Hardware,271,125765,86827.17,38937.83
2025-04-06,Latin America,Cloud Services,161,47626,24815.28,22810.72
2025-04-06,Latin America,Consulting,256,29198,11931.32,17266.68
2025-04-13,North America,Software,115,11252,6594.72,4657.28
2025-04-13,North America,Hardware,241,63682,42727.14,20954.86
2025-04-13,North America,Cloud Services,355,88587,61491.68,27095.32
2025-04-13,North America,Consulting,384,65393,38646.82,26746.18
2025-04-13,Europe,Software,215,85745,43256.35,42488.65
2025-04-13,Europe,Hardware,79,107239,72187.01,35051.99
2025-04-13,Europe,Cloud Services,130,80390,44783.72,35606.28
2025-04-13,Europe,Consulting,233,113196,50272.84,62923.16
2025-04-13,Asia-Pacific,Software,118,29963,12580.59,17382.41
2025-04-13,Asia-Pacific,Hardware,254,83477,45727.48,37749.52
2025-04-13,Asia-Pacific,Cloud Services,289,114573,67600.39,46972.61
2025-04-13,Asia-Pacific,Consulting,298,55002,23252.59,31749.41
2025-04-13,Latin America,Software,57,147162,64993.83,82168.17
2025-04-13,Latin America,Hardware,233,68243,31020.81,37222.19
2025-04-13,Latin America,Cloud Services,209,111570,61873.47,49696.53
2025-04-13,Latin America,Consulting,100,85697,49754.02,35942.98
2025-04-20,North America,Software,141,67108,30244.27,36863.73
2025-04-20,North America,Hardware,454,113081,51237.36,61843.64
2025-04-20,North America,Cloud Services,282,49749,21700.05,28048.95
2025-04-20,North America,Consulting,267,61745,27082.87,34662.13
2025-04-20,Europe,Software,331,122428,60782.42,61645.58
2025-04-20,Europe,Hardware,288,32574,19165.57,13408.43
2025-04-20,Europe,Cloud Services,75,128831,53893.02,74937.98
2025-04-20,Europe,Consulting,162,74291,47684.45,26606.55
2025-04-20,Asia-Pacific,Software,352,60428,42050.46,18377.54
2025-04-20,Asia-Pacific,Hardware,77,141127,76964.58,64162.42
2025-04-20,Asia-Pacific,Cloud Services,435,83686,46812.25,36873.75
2025-04-20,Asia-Pacific,Consulting,361,115113,47312.01,67800.99
2025-04-20,Latin America,Software,456,146198,88617.87,57580.13
2025-04-20,Latin America,Hardware,323,94717,59187.22,35529.78
2025-04-20,Latin America,Cloud Services,420,115977,58712.66,57264.34
2025-04-20,Latin America,Consulting,77,56271,27053.58,29217.42
2025-04-27,North America,Software,280,11062,5493.65,5568.35
2025-04-27,North America,Hardware,349,147301,73392.61,73908.39
2025-04-27,North America,Cloud Services,261,14632,9761.86,4870.14
2025-04-27,North America,Consulting,116,147240,88893.31,58346.69
2025-04-27,Europe,Software,160,92152,50640.53,41511.47
2025-04-27,Europe,Hardware,83,147443,82734.98,64708.02
2025-04-27,Europe,Cloud Services,418,22910,14287.41,8622.59
2025-04-27,Europe,Consulting,474,33275,14583.57,18691.43
2025-04-27,Asia-Pacific,Software,489,58447,33386.88,25060.12
2025-04-27,Asia-Pacific,Hardware,278,86090,59914.73,26175.27
2025-04-27,Asia-Pacific,Cloud Services,247,126148,54311.1,71836.9
2025-04-27,Asia-Pacific,Consulting,53,11605,5498.3,6106.7
2025-04-27,Latin America,Software,360,86125,38929.54,47195.46
2025-04-27,Latin America,Hardware,292,134040,56842.36,77197.64
2025-04-27,Latin America,Cloud Services,272,14324,9951.08,4372.92
2025-04-27,Latin America,Consulting,269,26389,13705.3,12683.7
2025-05-04,North America,Software,167,132883,53364.48,79518.52
2025-05-04,North America,Hardware,484,135808,74317.48,61490.52
2025-05-04,North America,Cloud Services,441,63441,35972.88,27468.12
2025-05-04,North America,Consulting,182,56514,36823.1,19690.9
2025-05-04,Europe,Software,373,147541,101862.04,45678.96
2025-05-04,Europe,Hardware,69,101922,46869.04,55052.96
2025-05-04,Europe,Cloud Services,191,137534,84194.06,53339.94
2025-05-04,Europe,Consulting,188,52533,30173.46,22359.54
2025-05-04,Asia-Pacific,Software,308,42254,23000.63,19253.37
2025-05-04,Asia-Pacific,Hardware,59,30128,15388.45,14739.55
2025-05-04,Asia-Pacific,Cloud Services,221,92180,38624.57,53555.43
2025-05-04,Asia-Pacific,Consulting,179,49809,24740.44,25068.56
2025-05-04,Latin America,Software,378,18512,8175.78,10336.22
2025-05-04,Latin America,Hardware,468,103070,55809.61,47260.39
2025-05-04,Latin America,Cloud Services,367,52078,35353.61,16724.39
2025-05-04,Latin America,Consulting,383,22219,15320.18,6898.82
2025-05-11,North America,Software,186,77444,47957.99,29486.01
2025-05-11,North America,Hardware,50,94555,48579.39,45975.61
2025-05-11,North America,Cloud Services,109,146487,90306.15,56180.85
2025-05-11,North America,Consulting,316,147023,93279.38,53743.62
2025-05-11,Europe,Software,335,68596,31587.65,37008.35
2025-05-11,Europe,Hardware,388,96740,44105.85,52634.15
2025-05-11,Europe,Cloud Services,181,141149,78608.65,62540.35
2025-05-11,Europe,Consulting,451,24060,13870.4,10189.6
2025-05-11,Asia-Pacific,Software,153,53303,28548.26,24754.74
2025-05-11,Asia-Pacific,Hardware,471,49711,26784.48,22926.52
2025-05-11,Asia-Pacific,Cloud Services,202,112974,62227.9,50746.1
2025-05-11,Asia-Pacific,Consulting,499,77728,52067.84,25660.16
2025-05-11,Latin America,Software,484,137796,92590.87,45205.13
2025-05-11,Latin America,Hardware,183,21302,9267.85,12034.15
2025-05-11,Latin America,Cloud Services,91,106646,66031.44,40614.56
2025-05-11,Latin America,Consulting,338,90910,60326.85,30583.15
2025-05-18,North America,Software,460,69379,43184.14,26194.86
2025-05-18,North America,Hardware,490,108723,76030.84,32692.16
2025-05-18,North America,Cloud Services,460,76656,46920.69,29735.31
2025-05-18,North America,Consulting,135,12336,5058.5,7277.5
2025-05-18,Europe,Software,172,69201,43509.27,25691.73
2025-05-18,Europe,Hardware,208,56197,36324.46,19872.54
2025-05-18,Europe,Cloud Services,485,81907,43992.26,37914.74
2025-05-18,Europe,Consulting,185,50631,27881.81,22749.19
2025-05-18,Asia-Pacific,Software,373,74772,40818.58,33953.42
2025-05-18,Asia-Pacific,Hardware,460,111195,70226.83,40968.17
2025-05-18,Asia-Pacific,Cloud Services,348,85683,48223.88,37459.12
2025-05-18,Asia-Pacific,Consulting,60,140330,70685.46,69644.54
2025-05-18,Latin America,Software,87,136205,91602.65,44602.35
2025-05-18,Latin America,Hardware,351,65318,35180.39,30137.61
2025-05-18,Latin America,Cloud Services,190,100474,44811.95,55662.05
2025-05-18,Latin America,Consulting,160,83319,45972.64,37346.36
2025-05-25,North America,Software,405,101751,67322.24,34428.76
2025-05-25,North America,Hardware,176,70279,28597.0,41682.0
2025-05-25,North America,Cloud Services,336,62329,39352.91,22976.09
2025-05-25,North America,Consulting,100,119945,50458.04,69486.96
2025-05-25,Europe,Software,306,144869,97526.66,47342.34
2025-05-25,Europe,Hardware,395,86589,40763.66,45825.34
2025-05-25,Europe,Cloud Services,362,142717,65064.15,77652.85
2025-05-25,Europe,Consulting,420,110158,54355.62,55802.38
2025-05-25,Asia-Pacific,Software,480,129719,75544.24,54174.76
2025-05-25,Asia-Pacific,Hardware,251,66264,41300.69,24963.31
2025-05-25,Asia-Pacific,Cloud Services,474,49224,19758.0,29466.0
2025-05-25,Asia-Pacific,Consulting,74,50738,26355.88,24382.12
2025-05-25,Latin America,Software,467,149649,80767.07,68881.93
2025-05-25,Latin America,Hardware,492,46368,26713.55,19654.45
2025-05-25,Latin America,Cloud Services,201,137738,60915.61,76822.39
2025-05-25,Latin America,Consulting,393,77526,34859.88,42666.12
2025-06-01,North America,Software,112,56240,28610.31,27629.69
2025-06-01,North America,Hardware,419,14757,6877.19,7879.81
2025-06-01,North America,Cloud Services,386,113892,63159.05,50732.95
2025-06-01,North America,Consulting,197,56163,30198.66,25964.34
2025-06-01,Europe,Software,112,62853,41369.19,21483.81
2025-06-01,Europe,Hardware,306,72823,40100.6,32722.4
2025-06-01,Europe,Cloud Services,264,11759,4940.23,6818.77
2025-06-01,Europe,Consulting,260,143554,66461.44,77092.56
2025-06-01,Asia-Pacific,Software,334,103501,47770.05,55730.95
2025-06-01,Asia-Pacific,Hardware,68,100397,65355.38,35041.62
2025-06-01,Asia-Pacific,Cloud Services,243,74077,45499.41,28577.59
2025-06-01,Asia-Pacific,Consulting,163,147717,78619.25,69097.75
2025-06-01,Latin America,Software,368,21485,12201.16,9283.84
2025-06-01,Latin America,Hardware,462,75155,34163.84,40991.16
2025-06-01,Latin America,Cloud Services,337,22342,15278.23,7063.77
2025-06-01,Latin America,Consulting,415,113177,54463.42,58713.58
2025-06-08,North America,Software,136,130993,68459.59,62533.41
2025-06-08,North America,Hardware,440,115947,75590.1,40356.9
2025-06-08,North America,Cloud Services,296,119575,48802.0,70773.0
2025-06-08,North America,Consulting,377,40678,24470.58,16207.42
2025-06-08,Europe,Software,141,82258,54803.42,27454.58
2025-06-08,Europe,Hardware,340,111358,68623.69,42734.31
2025-06-08,Europe,Cloud Services,337,44911,31285.84,13625.16
2025-06-08,Europe,Consulting,214,123453,80129.14,43323.86
2025-06-08,Asia-Pacific,Software,272,137157,63297.31,73859.69
2025-06-08,Asia-Pacific,Hardware,56,76358,51075.92,25282.08
2025-06-08,Asia-Pacific,Cloud Services,200,14425,6140.04,8284.96
2025-06-08,Asia-Pacific,Consulting,352,128865,86056.24,42808.76
2025-06-08,Latin America,Software,283,33236,16702.59,16533.41
2025-06-08,Latin America,Hardware,445,104914,60544.66,44369.34
2025-06-08,Latin America,Cloud Services,471,126243,74135.53,52107.47
2025-06-08,Latin America,Consulting,275,142351,80515.74,61835.26
2025-06-15,North America,Software,391,148155,69018.47,79136.53
2025-06-15,North America,Hardware,264,29063,20216.52,8846.48
2025-06-15,North America,Cloud Services,58,45954,25446.44,20507.56
2025-06-15,North America,Consulting,330,45367,27658.16,17708.84
2025-06-15,Europe,Software,327,70774,32938.71,37835.29
2025-06-15,Europe,Hardware,203,140282,73860.04,66421.96
2025-06-15,Europe,Cloud Services,375,136678,82684.06,53993.94
2025-06-15,Europe,Consulting,90,71268,45933.39,25334.61
2025-06-15,Asia-Pacific,Software,214,41653,17500.62,24152.38
2025-06-15,Asia-Pacific,Hardware,136,131829,85546.81,46282.19
2025-06-15,Asia-Pacific,Cloud Services,76,58756,23696.22,35059.78
2025-06-15,Asia-Pacific,Consulting,217,91182,60377.71,30804.29
2025-06-15,Latin America,Software,222,57924,26217.06,31706.94
2025-06-15,Latin America,Hardware,239,45737,23843.36,21893.64
2025-06-15,Latin America,Cloud Services,359,138575,70141.32,68433.68
2025-06-15,Latin America,Consulting,331,31172,18109.24,13062.76
2025-06-22,North America,Software,345,63276,32700.32,30575.68
2025-06-22,North America,Hardware,236,99599,67194.87,32404.13
2025-06-22,North America,Cloud Services,359,21046,12272.37,8773.63
2025-06-22,North America,Consulting,361,14853,6542.75,8310.25
2025-06-22,Europe,Software,197,69129,28298.3,40830.7
2025-06-22,Europe,Hardware,386,124130,71812.11,52317.89
2025-06-22,Europe,Cloud Services,250,131789,90482.49,41306.51
2025-06-22,Europe,Consulting,345,142596,71770.72,70825.28
2025-06-22,Asia-Pacific,Software,476,64912,35613.8,29298.2
2025-06-22,Asia-Pacific,Hardware,88,93559,49628.2,43930.8
2025-06-22,Asia-Pacific,Cloud Services,278,34354,22183.43,12170.57
2025-06-22,Asia-Pacific,Consulting,151,96123,58482.09,37640.91
2025-06-22,Latin America,Software,150,98929,42631.29,56297.71
2025-06-22,Latin America,Hardware,354,135995,87339.94,48655.06
2025-06-22,Latin America,Cloud Services,352,46408,24772.67,21635.33
2025-06-22,Latin America,Consulting,388,142413,97901.99,44511.01
2025-06-29,North America,Software,423,21344,12755.92,8588.08
2025-06-29,North America,Hardware,74,115423,75574.21,39848.79
2025-06-29,North America,Cloud Services,414,87454,53167.88,34286.12
2025-06-29,North America,Consulting,450,47641,27464.04,20176.96
2025-06-29,Europe,Software,299,97833,55802.34,42030.66
2025-06-29,Europe,Hardware,56,54813,23907.06,30905.94
2025-06-29,Europe,Cloud Services,364,90559,39355.55,51203.45
2025-06-29,Europe,Consulting,421,147809,92161.77,55647.23
2025-06-29,Asia-Pacific,Software,492,35510,19052.65,16457.35
2025-06-29,Asia-Pacific,Hardware,208,76150,31305.44,44844.56
2025-06-29,Asia-Pacific,Cloud Services,237,62375,29254.04,33120.96
2025-06-29,Asia-Pacific,Consulting,413,144055,76681.87,67373.13
2025-06-29,Latin America,Software,398,104071,58472.02,45598.98
2025-06-29,Latin America,Hardware,210,125608,78047.38,47560.62
2025-06-29,Latin America,Cloud Services,499,89273,59187.96,30085.04
2025-06-29,Latin America,Consulting,463,133618,88325.46,45292.54
2025-07-06,North America,Software,323,39430,17965.96,21464.04
2025-07-06,North America,Hardware,351,79346,33405.37,45940.63
2025-07-06,North America,Cloud Services,367,26371,10965.2,15405.8
2025-07-06,North America,Consulting,321,83972,45675.26,38296.74
2025-07-06,Europe,Software,426,95431,45950.61,49480.39
2025-07-06,Europe,Hardware,408,112665,48165.39,64499.61
2025-07-06,Europe,Cloud Services,478,42733,17136.1,25596.9
2025-07-06,Europe,Consulting,373,43933,21487.67,22445.33
2025-07-06,Asia-Pacific,Software,481,122573,70691.84,51881.16
2025-07-06,Asia-Pacific,Hardware,393,145566,75009.87,70556.13
2025-07-06,Asia-Pacific,Cloud Services,476,53001,33888.67,19112.33
2025-07-06,Asia-Pacific,Consulting,351,141878,94169.46,47708.54
2025-07-06,Latin America,Software,382,136295,73629.35,62665.65
2025-07-06,Latin America,Hardware,108,34262,23892.63,10369.37
2025-07-06,Latin America,Cloud Services,112,138583,94627.18,43955.82
2025-07-06,Latin America,Consulting,415,51844,33656.75,18187.25
2025-07-13,North America,Software,362,87129,36078.69,51050.31
2025-07-13,North America,Hardware,308,126953,52180.17,74772.83
2025-07-13,North America,Cloud Services,103,128533,82290.8,46242.2
2025-07-13,North America,Consulting,148,76262,50724.58,25537.42
2025-07-13,Europe,Software,468,40448,18289.31,22158.69
2025-07-13,Europe,Hardware,276,122855,82218.36,40636.64
2025-07-13,Europe,Cloud Services,430,71413,41910.95,29502.05
2025-07-13,Europe,Consulting,447,70504,40742.99,29761.01
2025-07-13,Asia-Pacific,Software,154,93300,39880.72,53419.28
2025-07-13,Asia-Pacific,Hardware,186,53642,23541.03,30100.97
2025-07-13,Asia-Pacific,Cloud Services,381,27602,18954.17,8647.83
2025-07-13,Asia-Pacific,Consulting,89,104377,67099.26,37277.74
2025-07-13,Latin America,Software,492,52520,29687.31,22832.69
2025-07-13,Latin America,Hardware,87,91121,47614.0,43507.0
2025-07-13,Latin America,Cloud Services,451,145044,60140.33,84903.67
2025-07-13,Latin America,Consulting,333,116532,54310.32,62221.68
2025-07-20,North America,Software,163,95956,66923.8,29032.2
2025-07-20,North America,Hardware,367,135991,90416.59,45574.41
2025-07-20,North America,Cloud Services,372,12396,8329.54,4066.46
2025-07-20,North America,Consulting,89,142663,85402.87,57260.13
2025-07-20,Europe,Software,196,109616,72739.97,36876.03
2025-07-20,Europe,Hardware,108,29623,14029.03,15593.97
2025-07-20,Europe,Cloud Services,394,115228,75025.41,40202.59
2025-07-20,Europe,Consulting,204,121785,52580.7,69204.3
2025-07-20,Asia-Pacific,Software,182,143541,65564.71,77976.29
2025-07-20,Asia-Pacific,Hardware,298,58874,40528.54,18345.46
2025-07-20,Asia-Pacific,Cloud Services,475,59138,39251.16,19886.84
2025-07-20,Asia-Pacific,Consulting,486,115865,74846.94,41018.06
2025-07-20,Latin America,Software,405,52534,23547.21,28986.79
2025-07-20,Latin America,Hardware,61,136209,88486.85,47722.15
2025-07-20,Latin America,Cloud Services,95,85713,41666.07,44046.93
2025-07-20,Latin America,Consulting,66,85418,59310.49,26107.51
2025-07-27,North America,Software,375,41575,26840.98,14734.02
2025-07-27,North America,Hardware,123,86242,54186.57,32055.43
2025-07-27,North America,Cloud Services,384,71246,36880.16,34365.84
2025-07-27,North America,Consulting,327,101357,63460.6,37896.4
2025-07-27,Europe,Software,373,93807,59216.25,34590.75
2025-07-27,Europe,Hardware,423,133797,81960.24,51836.76
2025-07-27,Europe,Cloud Services,259,30953,13074.8,17878.2
2025-07-27,Europe,Consulting,224,77889,54292.1,23596.9
2025-07-27,Asia-Pacific,Software,300,34860,18607.83,16252.17
2025-07-27,Asia-Pacific,Hardware,56,97266,56250.75,41015.25
2025-07-27,Asia-Pacific,Cloud Services,183,67372,27395.95,39976.05
2025-07-27,Asia-Pacific,Consulting,484,41598,22737.17,18860.83
2025-07-27,Latin America,Software,75,37082,22434.19,14647.81
2025-07-27,Latin America,Hardware,334,21745,10483.0,11262.0
2025-07-27,Latin America,Cloud Services,446,133395,70413.14,62981.86
2025-07-27,Latin America,Consulting,424,107768,48397.22,59370.78
2025-08-03,North America,Software,337,85932,42064.77,43867.23
2025-08-03,North America,Hardware,76,88797,41647.22,47149.78
2025-08-03,North America,Cloud Services,285,62930,43123.35,19806.65
2025-08-03,North America,Consulting,352,107883,66820.68,41062.32
2025-08-03,Europe,Software,436,58901,36991.49,21909.51
2025-08-03,Europe,Hardware,429,15626,8169.28,7456.72
2025-08-03,Europe,Cloud Services,330,143052,65819.33,77232.67
2025-08-03,Europe,Consulting,320,92711,47334.33,45376.67
2025-08-03,Asia-Pacific,Software,109,28639,16122.89,12516.11
2025-08-03,Asia-Pacific,Hardware,358,125672,83017.28,42654.72
2025-08-03,Asia-Pacific,Cloud Services,223,149783,94554.5,55228.5
2025-08-03,Asia-Pacific,Consulting,436,95553,60036.64,35516.36
2025-08-03,Latin America,Software,73,92879,45348.21,47530.79
2025-08-03,Latin America,Hardware,453,54859,37866.61,16992.39
2025-08-03,Latin America,Cloud Services,271,132413,71321.51,61091.49
2025-08-03,Latin America,Consulting,389,21536,12538.09,8997.91
2025-08-10,North America,Software,481,44531,25272.4,19258.6
2025-08-10,North America,Hardware,263,84744,37986.3,46757.7
2025-08-10,North America,Cloud Services,435,15109,7520.92,7588.08
2025-08-10,North America,Consulting,113,64615,34244.27,30370.73
2025-08-10,Europe,Software,326,95708,42578.02,53129.98
2025-08-10,Europe,Hardware,215,93309,64608.08,28700.92
2025-08-10,Europe,Cloud Services,338,16154,9829.62,6324.38
2025-08-10,Europe,Consulting,441,61195,38794.89,22400.11
2025-08-10,Asia-Pacific,Software,450,79298,34215.43,45082.57
2025-08-10,Asia-Pacific,Hardware,209,49499,34451.24,15047.76
2025-08-10,Asia-Pacific,Cloud Services,251,106347,64950.31,41396.69
2025-08-10,Asia-Pacific,Consulting,402,32431,22129.98,10301.02
2025-08-10,Latin America,Software,282,59153,33141.81,26011.19
2025-08-10,Latin America,Hardware,152,122755,62278.57,60476.43
2025-08-10,Latin America,Cloud Services,139,118737,82313.23,36423.77
2025-08-10,Latin America,Consulting,192,60861,37000.94,23860.06
2025-08-17,North America,Software,477,78577,32401.62,46175.38
2025-08-17,North America,Hardware,366,72768,49879.92,22888.08
2025-08-17,North America,Cloud Services,122,142997,82714.18,60282.82
2025-08-17,North America,Consulting,90,140406,81980.71,58425.29
2025-08-17,Europe,Software,377,74881,50961.05,23919.95
2025-08-17,Europe,Hardware,160,144461,91736.61,52724.39
2025-08-17,Europe,Cloud Services,133,34826,18991.3,15834.7
2025-08-17,Europe,Consulting,363,108511,61230.34,47280.66
2025-08-17,Asia-Pacific,Software,52,91941,49252.38,42688.62
2025-08-17,Asia-Pacific,Hardware,61,105081,55859.19,49221.81
2025-08-17,Asia-Pacific,Cloud Services,350,120091,53784.36,66306.64
2025-08-17,Asia-Pacific,Consulting,104,93186,43402.7,49783.3
2025-08-17,Latin America,Software,441,133629,66957.31,66671.69
2025-08-17,Latin America,Hardware,232,38380,24444.59,13935.41
2025-08-17,Latin America,Cloud Services,131,102447,56290.4,46156.6
2025-08-17,Latin America,Consulting,86,115361,68752.72,46608.28
2025-08-24,North America,Software,461,12920,7079.94,5840.06
2025-08-24,North America,Hardware,494,89561,46659.35,42901.65
2025-08-24,North America,Cloud Services,402,26309,10765.53,15543.47
2025-08-24,North America,Consulting,494,122340,75624.56,46715.44
2025-08-24,Europe,Software,269,84131,49521.98,34609.02
2025-08-24,Europe,Hardware,493,35963,22668.1,13294.9
2025-08-24,Europe,Cloud Services,484,49063,27621.99,21441.01
2025-08-24,Europe,Consulting,299,14703,8475.07,6227.93
2025-08-24,Asia-Pacific,Software,115,41585,22705.44,18879.56
2025-08-24,Asia-Pacific,Hardware,311,36958,24769.64,12188.36
2025-08-24,Asia-Pacific,Cloud Services,295,39426,22776.6,16649.4
2025-08-24,Asia-Pacific,Consulting,286,96652,44769.08,51882.92
2025-08-24,Latin America,Software,274,136503,88836.07,47666.93
2025-08-24,Latin America,Hardware,136,29975,15634.75,14340.25
2025-08-24,Latin America,Cloud Services,342,98397,54490.74,43906.26
2025-08-24,Latin America,Consulting,90,74324,31271.07,43052.93
2025-08-31,North America,Software,63,106059,55310.43,50748.57
2025-08-31,North America,Hardware,179,45046,22873.01,22172.99
2025-08-31,North America,Cloud Services,394,55893,33291.94,22601.06
2025-08-31,North America,Consulting,310,77649,51046.13,26602.87
2025-08-31,Europe,Software,350,96475,42377.81,54097.19
2025-08-31,Europe,Hardware,444,131750,70636.03,61113.97
2025-08-31,Europe,Cloud Services,129,54738,29153.86,25584.14
2025-08-31,Europe,Consulting,410,130585,78457.7,52127.3
2025-08-31,Asia-Pacific,Software,220,147348,69933.47,77414.53
2025-08-31,Asia-Pacific,Hardware,333,118856,53498.58,65357.42
2025-08-31,Asia-Pacific,Cloud Services,253,45946,28528.82,17417.18
2025-08-31,Asia-Pacific,Consulting,169,102324,64928.37,37395.63
2025-08-31,Latin America,Software,416,36155,19303.54,16851.46
2025-08-31,Latin America,Hardware,453,141691,79626.34,62064.66
2025-08-31,Latin America,Cloud Services,342,91537,39991.71,51545.29
2025-08-31,Latin America,Consulting,50,101155,42030.82,59124.18
2025-09-07,North America,Software,294,142130,76133.31,65996.69
2025-09-07,North America,Hardware,325,74178,30596.34,43581.66
2025-09-07,North America,Cloud Services,175,142311,86210.63,56100.37
2025-09-07,North America,Consulting,334,136945,68053.34,68891.66
2025-09-07,Europe,Software,476,130030,61929.05,68100.95
2025-09-07,Europe,Hardware,343,78785,39612.79,39172.21
2025-09-07,Europe,Cloud Services,175,22115,9680.23,12434.77
2025-09-07,Europe,Consulting,483,42556,18854.98,23701.02
2025-09-07,Asia-Pacific,Software,57,53753,33319.85,20433.15
2025-09-07,Asia-Pacific,Hardware,313,20225,9232.81,10992.19
2025-09-07,Asia-Pacific,Cloud Services,135,115823,54479.48,61343.52
2025-09-07,Asia-Pacific,Consulting,267,58320,37991.67,20328.33
2025-09-07,Latin America,Software,163,135354,81885.71,53468.29
2025-09-07,Latin America,Hardware,185,38625,22609.3,16015.7
2025-09-07,Latin America,Cloud Services,377,120448,49277.22,71170.78
2025-09-07,Latin America,Consulting,50,64061,43279.83,20781.17
2025-09-14,North America,Software,102,89134,53272.33,35861.67
2025-09-14,North America,Hardware,499,120169,60633.92,59535.08
2025-09-14,North America,Cloud Services,112,113409,65945.77,47463.23
2025-09-14,North America,Consulting,138,15704,10363.57,5340.43
2025-09-14,Europe,Software,294,121279,75887.71,45391.29
2025-09-14,Europe,Hardware,181,124044,78092.8,45951.2
2025-09-14,Europe,Cloud Services,131,14114,9066.18,5047.82
2025-09-14,Europe,Consulting,388,106652,68187.33,38464.67
2025-09-14,Asia-Pacific,Software,393,27772,17922.67,9849.33
2025-09-14,Asia-Pacific,Hardware,192,125142,50273.0,74869.0
2025-09-14,Asia-Pacific,Cloud Services,248,99152,50561.42,48590.58
2025-09-14,Asia-Pacific,Consulting,365,110494,67251.09,43242.91
2025-09-14,Latin America,Software,273,113896,65939.59,47956.41
2025-09-14,Latin America,Hardware,151,103680,55295.22,48384.78
2025-09-14,Latin America,Cloud Services,159,73449,42315.33,31133.67
2025-09-14,Latin America,Consulting,52,35537,19156.16,16380.84
2025-09-21,North America,Software,353,32612,21491.31,11120.69
2025-09-21,North America,Hardware,202,41348,26633.48,14714.52
2025-09-21,North America,Cloud Services,353,42779,19023.72,23755.28
2025-09-21,North America,Consulting,481,56819,33089.77,23729.23
2025-09-21,Europe,Software,70,88714,49357.83,39356.17
2025-09-21,Europe,Hardware,352,74106,29810.54,44295.46
2025-09-21,Europe,Cloud Services,341,97163,66692.49,30470.51
2025-09-21,Europe,Consulting,373,149978,77092.04,72885.96
2025-09-21,Asia-Pacific,Software,422,56413,30788.05,25624.95
2025-09-21,Asia-Pacific,Hardware,206,103747,62354.94,41392.06
2025-09-21,Asia-Pacific,Cloud Services,207,131999,56348.78,75650.22
2025-09-21,Asia-Pacific,Consulting,126,118177,61448.68,56728.32
2025-09-21,Latin America,Software,400,96365,43782.94,52582.06
2025-09-21,Latin America,Hardware,496,82588,37608.56,44979.44
2025-09-21,Latin America,Cloud Services,494,28743,18338.67,10404.33
2025-09-21,Latin America,Consulting,133,147513,99619.33,47893.67
2025-09-28,North America,Software,359,117971,50268.82,67702.18
2025-09-28,North America,Hardware,96,81031,45211.23,35819.77
2025-09-28,North America,Cloud Services,167,98204,57005.81,41198.19
2025-09-28,North America,Consulting,427,47384,28145.23,19238.77
2025-09-28,Europe,Software,201,85388,57360.87,28027.13
2025-09-28,Europe,Hardware,396,129503,73427.05,56075.95
2025-09-28,Europe,Cloud Services,201,44084,21628.41,22455.59
2025-09-28,Europe,Consulting,394,148299,89191.08,59107.92
2025-09-28,Asia-Pacific,Software,488,75681,47678.79,28002.21
2025-09-28,Asia-Pacific,Hardware,157,137556,61955.81,75600.19
2025-09-28,Asia-Pacific,Cloud Services,198,27633,14973.43,12659.57
2025-09-28,Asia-Pacific,Consulting,342,59104,26805.66,32298.34
2025-09-28,Latin America,Software,209,26014,12202.49,13811.51
2025-09-28,Latin America,Hardware,127,101658,47736.98,53921.02
2025-09-28,Latin America,Cloud Services,369,17421,7709.36,9711.64
2025-09-28,Latin America,Consulting,195,122418,70893.99,51524.01
2025-10-05,North America,Software,174,104018,55422.36,48595.64
2025-10-05,North America,Hardware,329,41910,25873.35,16036.65
2025-10-05,North America,Cloud Services,91,48467,29918.76,18548.24
2025-10-05,North America,Consulting,85,41007,19775.55,21231.45
2025-10-05,Europe,Software,213,121335,72022.87,49312.13
2025-10-05,Europe,Hardware,428,26456,13148.94,13307.06
2025-10-05,Europe,Cloud Services,318,78008,45646.13,32361.87
2025-10-05,Europe,Consulting,493,82240,53419.73,28820.27
2025-10-05,Asia-Pacific,Software,209,20756,8737.85,12018.15
2025-10-05,Asia-Pacific,Hardware,99,135703,90110.01,45592.99
2025-10-05,Asia-Pacific,Cloud Services,430,83794,46915.2,36878.8
2025-10-05,Asia-Pacific,Consulting,375,55113,27551.02,27561.98
2025-10-05,Latin America,Software,307,146321,102167.44,44153.56
2025-10-05,Latin America,Hardware,403,135541,76897.16,58643.84
2025-10-05,Latin America,Cloud Services,313,19686,10621.81,9064.19
2025-10-05,Latin America,Consulting,85,141733,80602.0,61131.0
2025-10-12,North America,Software,352,52828,31194.3,21633.7
2025-10-12,North America,Hardware,155,35592,16057.1,19534.9
2025-10-12,North America,Cloud Services,449,98733,52833.14,45899.86
2025-10-12,North America,Consulting,445,78619,39645.32,38973.68
2025-10-12,Europe,Software,397,91437,43011.29,48425.71
2025-10-12,Europe,Hardware,409,58231,23642.25,34588.75
2025-10-12,Europe,Cloud Services,198,28752,18763.84,9988.16
2025-10-12,Europe,Consulting,280,131237,56003.73,75233.27
2025-10-12,Asia-Pacific,Software,321,14895,6528.69,8366.31
2025-10-12,Asia-Pacific,Hardware,275,20699,13135.76,7563.24
2025-10-12,Asia-Pacific,Cloud Services,200,128413,55897.5,72515.5
2025-10-12,Asia-Pacific,Consulting,307,134481,69159.93,65321.07
2025-10-12,Latin America,Software,498,40682,19190.37,21491.63
2025-10-12,Latin America,Hardware,456,137810,71536.41,66273.59
2025-10-12,Latin America,Cloud Services,360,28073,16287.35,11785.65
2025-10-12,Latin America,Consulting,476,100373,67833.84,32539.16
2025-10-19,North America,Software,150,20382,14219.45,6162.55
2025-10-19,North America,Hardware,98,71929,39585.83,32343.17
2025-10-19,North America,Cloud Services,207,35169,20692.91,14476.09
2025-10-19,North America,Consulting,183,55033,36344.73,18688.27
2025-10-19,Europe,Software,122,41750,20516.11,21233.89
2025-10-19,Europe,Hardware,115,88222,45954.32,42267.68
2025-10-19,Europe,Cloud Services,255,30609,14296.98,16312.02
2025-10-19,Europe,Consulting,315,114211,65318.69,48892.31
2025-10-19,Asia-Pacific,Software,302,146728,84008.97,62719.03
2025-10-19,Asia-Pacific,Hardware,144,74309,36717.44,37591.56
2025-10-19,Asia-Pacific,Cloud Services,385,15901,7024.42,8876.58
2025-10-19,Asia-Pacific,Consulting,474,124099,68349.98,55749.02
2025-10-19,Latin America,Software,166,33429,14839.54,18589.46
2025-10-19,Latin America,Hardware,74,111268,45368.81,65899.19
2025-10-19,Latin America,Cloud Services,493,41822,28812.62,13009.38
2025-10-19,Latin America,Consulting,141,17967,7844.58,10122.42
2025-10-26,North America,Software,365,38179,20305.64,17873.36
2025-10-26,North America,Hardware,398,45262,26806.32,18455.68
2025-10-26,North America,Cloud Services,200,96269,55909.76,40359.24
2025-10-26,North America,Consulting,467,49922,28422.21,21499.79
2025-10-26,Europe,Software,431,107033,49612.64,57420.36
2025-10-26,Europe,Hardware,132,129863,63529.83,66333.17
2025-10-26,Europe,Cloud Services,378,54936,24318.78,30617.22
2025-10-26,Europe,Consulting,129,38141,16412.6,21728.4
2025-10-26,Asia-Pacific,Software,309,133279,55802.26,77476.74
2025-10-26,Asia-Pacific,Hardware,322,56851,39739.36,17111.64
2025-10-26,Asia-Pacific,Cloud Services,280,108723,60679.66,48043.34
2025-10-26,Asia-Pacific,Consulting,165,67009,29431.23,37577.77
2025-10-26,Latin America,Software,56,67022,35852.44,31169.56
2025-10-26,Latin America,Hardware,278,36715,19990.97,16724.03
2025-10-26,Latin America,Cloud Services,232,86373,59523.67,26849.33
2025-10-26,Latin America,Consulting,454,80017,35218.77,44798.23
2025-11-02,North America,Software,198,126981,80899.76,46081.24
2025-11-02,North America,Hardware,472,34022,15008.22,19013.78
2025-11-02,North America,Cloud Services,291,70428,28427.29,42000.71
2025-11-02,North America,Consulting,387,123132,85301.19,37830.81
2025-11-02,Europe,Software,237,141743,77442.17,64300.83
2025-11-02,Europe,Hardware,305,145870,80199.35,65670.65
2025-11-02,Europe,Cloud Services,245,39300,21476.36,17823.64
2025-11-02,Europe,Consulting,131,138563,65546.31,73016.69
2025-11-02,Asia-Pacific,Software,270,31223,20082.81,11140.19
2025-11-02,Asia-Pacific,Hardware,91,36035,23706.33,12328.67
2025-11-02,Asia-Pacific,Cloud Services,66,127360,87445.43,39914.57
2025-11-02,Asia-Pacific,Consulting,178,13191,6524.56,6666.44
2025-11-02,Latin America,Software,59,13631,6493.82,7137.18
2025-11-02,Latin America,Hardware,493,100353,41298.06,59054.94
2025-11-02,Latin America,Cloud Services,492,137734,82338.24,55395.76
2025-11-02,Latin America,Consulting,450,61399,28740.22,32658.78
2025-11-09,North America,Software,222,17099,9151.14,7947.86
2025-11-09,North America,Hardware,477,106722,46072.75,60649.25
2025-11-09,North America,Cloud Services,57,73936,39406.55,34529.45
2025-11-09,North America,Consulting,434,70920,44244.31,26675.69
2025-11-09,Europe,Software,201,17788,11395.69,6392.31
2025-11-09,Europe,Hardware,281,93588,51714.28,41873.72
2025-11-09,Europe,Cloud Services,485,125053,87221.53,37831.47
2025-11-09,Europe,Consulting,491,135426,61694.49,73731.51
2025-11-09,Asia-Pacific,Software,401,39956,22570.54,17385.46
2025-11-09,Asia-Pacific,Hardware,160,146511,77253.65,69257.35
2025-11-09,Asia-Pacific,Cloud Services,386,88815,49238.79,39576.21
2025-11-09,Asia-Pacific,Consulting,458,71063,44824.19,26238.81
2025-11-09,Latin America,Software,154,107661,51485.0,56176.0
2025-11-09,Latin America,Hardware,304,133257,72422.06,60834.94
2025-11-09,Latin America,Cloud Services,189,56857,36366.55,20490.45
2025-11-09,Latin America,Consulting,423,147050,102051.39,44998.61
2025-11-16,North America,Software,449,118212,79921.85,38290.15
2025-11-16,North America,Hardware,275,19503,11408.28,8094.72
2025-11-16,North America,Cloud Services,451,55838,24191.39,31646.61
2025-11-16,North America,Consulting,364,36806,15771.5,21034.5
2025-11-16,Europe,Software,163,65419,33795.18,31623.82
2025-11-16,Europe,Hardware,262,102949,49635.56,53313.44
2025-11-16,Europe,Cloud Services,223,86971,39940.66,47030.34
2025-11-16,Europe,Consulting,171,94080,55859.36,38220.64
2025-11-16,Asia-Pacific,Software,88,134447,66561.58,67885.42
2025-11-16,Asia-Pacific,Hardware,480,86272,41197.42,45074.58
2025-11-16,Asia-Pacific,Cloud Services,198,110500,69229.64,41270.36
2025-11-16,Asia-Pacific,Consulting,409,25997,16965.63,9031.37
2025-11-16,Latin America,Software,285,65533,41478.08,24054.92
2025-11-16,Latin America,Hardware,135,118255,53596.55,64658.45
2025-11-16,Latin America,Cloud Services,71,68005,47290.74,20714.26
2025-11-16,Latin America,Consulting,307,33387,13787.23,19599.77
2025-11-23,North America,Software,485,74028,44830.57,29197.43
2025-11-23,North America,Hardware,456,54638,29860.66,24777.34
2025-11-23,North America,Cloud Services,327,30567,15366.49,15200.51
2025-11-23,North America,Consulting,402,13754,8630.02,5123.98
2025-11-23,Europe,Software,68,18706,9152.18,9553.82
2025-11-23,Europe,Hardware,344,91942,55778.05,36163.95
2025-11-23,Europe,Cloud Services,177,114555,67689.11,46865.89
2025-11-23,Europe,Consulting,411,111604,50000.99,61603.01
2025-11-23,Asia-Pacific,Software,498,65147,40256.84,24890.16
2025-11-23,Asia-Pacific,Hardware,273,48787,20966.38,27820.62
2025-11-23,Asia-Pacific,Cloud Services,59,105081,62761.53,42319.47
2025-11-23,Asia-Pacific,Consulting,115,90102,52664.03,37437.97
2025-11-23,Latin America,Software,469,77695,49347.01,28347.99
2025-11-23,Latin America,Hardware,103,118777,74627.26,44149.74
2025-11-23,Latin America,Cloud Services,170,36832,14854.69,21977.31
2025-11-23,Latin America,Consulting,69,29873,18748.38,11124.62
2025-11-30,North America,Software,272,127322,79815.54,47506.46
2025-11-30,North America,Hardware,260,15110,8175.96,6934.04
2025-11-30,North America,Cloud Services,430,92617,47280.32,45336.68
2025-11-30,North America,Consulting,276,117539,74533.82,43005.18
2025-11-30,Europe,Software,359,33705,17440.91,16264.09
2025-11-30,Europe,Hardware,251,12023,5452.57,6570.43
2025-11-30,Europe,Cloud Services,237,102197,45995.35,56201.65
2025-11-30,Europe,Consulting,322,43848,22638.81,21209.19
2025-11-30,Asia-Pacific,Software,270,37766,25011.62,12754.38
2025-11-30,Asia-Pacific,Hardware,385,79122,33188.2,45933.8
2025-11-30,Asia-Pacific,Cloud Services,425,105286,64317.43,40968.57
2025-11-30,Asia-Pacific,Consulting,131,119079,71797.54,47281.46
2025-11-30,Latin America,Software,415,119458,65639.39,53818.61
2025-11-30,Latin America,Hardware,158,65506,27353.03,38152.97
2025-11-30,Latin America,Cloud Services,166,72539,46096.29,26442.71
2025-11-30,Latin America,Consulting,399,67775,34703.43,33071.57
2025-12-07,North America,Software,195,38854,24114.8,14739.2
2025-12-07,North America,Hardware,300,109134,50876.48,58257.52
2025-12-07,North America,Cloud Services,362,37386,23552.3,13833.7
2025-12-07,North America,Consulting,210,43787,21448.32,22338.68
2025-12-07,Europe,Software,96,44051,24177.39,19873.61
2025-12-07,Europe,Hardware,408,94045,58699.68,35345.32
2025-12-07,Europe,Cloud Services,110,13471,6208.53,7262.47
2025-12-07,Europe,Consulting,156,149401,74753.3,74647.7
2025-12-07,Asia-Pacific,Software,167,103808,59766.73,44041.27
2025-12-07,Asia-Pacific,Hardware,100,63072,42818.64,20253.36
2025-12-07,Asia-Pacific,Cloud Services,84,33284,13874.13,19409.87
2025-12-07,Asia-Pacific,Consulting,118,140349,65635.95,74713.05
2025-12-07,Latin America,Software,98,72812,39210.71,33601.29
2025-12-07,Latin America,Hardware,309,118899,52320.79,66578.21
2025-12-07,Latin America,Cloud Services,329,15105,10162.9,4942.1
2025-12-07,Latin America,Consulting,346,78920,31734.42,47185.58
2025-12-14,North America,Software,237,27069,15783.06,11285.94
2025-12-14,North America,Hardware,201,148808,93066.39,55741.61
2025-12-14,North America,Cloud Services,463,72424,49754.16,22669.84
2025-12-14,North America,Consulting,463,142503,59440.34,83062.66
2025-12-14,Europe,Software,269,113302,53715.76,59586.24
2025-12-14,Europe,Hardware,385,83997,39887.14,44109.86
2025-12-14,Europe,Cloud Services,93,17896,11328.4,6567.6
2025-12-14,Europe,Consulting,233,51800,28296.86,23503.14
2025-12-14,Asia-Pacific,Software,412,143715,84204.03,59510.97
2025-12-14,Asia-Pacific,Hardware,227,113864,57361.97,56502.03
2025-12-14,Asia-Pacific,Cloud Services,119,112304,70926.41,41377.59
2025-12-14,Asia-Pacific,Consulting,297,134302,54600.08,79701.92
2025-12-14,Latin America,Software,481,76707,33628.08,43078.92
2025-12-14,Latin America,Hardware,425,75428,31353.71,44074.29
2025-12-14,Latin America,Cloud Services,214,121487,71352.67,50134.33
2025-12-14,Latin America,Consulting,267,38228,22793.54,15434.46
2025-12-21,North America,Software,452,132788,75635.92,57152.08
2025-12-21,North America,Hardware,445,97896,66971.71,30924.29
2025-12-21,North America,Cloud Services,210,91912,41811.19,50100.81
2025-12-21,North America,Consulting,432,17345,10684.56,6660.44
2025-12-21,Europe,Software,338,139350,84324.34,55025.66
2025-12-21,Europe,Hardware,110,72032,50001.38,22030.62
2025-12-21,Europe,Cloud Services,92,148593,77445.69,71147.31
2025-12-21,Europe,Consulting,66,65718,40242.45,25475.55
2025-12-21,Asia-Pacific,Software,114,60669,32608.99,28060.01
2025-12-21,Asia-Pacific,Hardware,71,23140,10234.54,12905.46
2025-12-21,Asia-Pacific,Cloud Services,147,121672,73089.19,48582.81
2025-12-21,Asia-Pacific,Consulting,216,106111,57092.88,49018.12
2025-12-21,Latin America,Software,473,103269,50310.21,52958.79
2025-12-21,Latin America,Hardware,148,40651,20601.6,20049.4
2025-12-21,Latin America,Cloud Services,98,77263,49309.01,27953.99
2025-12-21,Latin America,Consulting,326,47823,24003.95,23819.05
2025-12-28,North America,Software,421,73870,46355.46,27514.54
2025-12-28,North America,Hardware,262,15774,7279.14,8494.86
2025-12-28,North America,Cloud Services,141,106334,70592.44,35741.56
2025-12-28,North America,Consulting,217,10781,5084.74,5696.26
2025-12-28,Europe,Software,418,28489,17811.86,10677.14
2025-12-28,Europe,Hardware,297,39118,22131.17,16986.83
2025-12-28,Europe,Cloud Services,93,23565,11855.53,11709.47
2025-12-28,Europe,Consulting,276,33648,17403.37,16244.63
2025-12-28,Asia-Pacific,Software,328,31253,15988.4,15264.6
2025-12-28,Asia-Pacific,Hardware,476,98664,51227.77,47436.23
2025-12-28,Asia-Pacific,Cloud Services,317,147924,101970.37,45953.63
2025-12-28,Asia-Pacific,Consulting,346,71001,30403.4,40597.6
2025-12-28,Latin America,Software,121,85939,41502.74,44436.26
2025-12-28,Latin America,Hardware,448,16710,9905.73,6804.27
2025-12-28,Latin America,Cloud Services,365,47991,26685.74,21305.26
2025-12-28,Latin America,Consulting,312,95445,60891.85,34553.15
