task_number,title,task_type,priority,status,result,region,crew,target_type,target_name,checklist_template,due_date,scheduled_start,actual_start,actual_end,created_by,assigned_by,verified_by,progress_pct
TK-2026-000001,Transmission Line Inspection Schedule — Sululta<>Gefersa 230kV,PREVENTIVE,MEDIUM,CANCELLED,FAIL,Central 1 Region Transmission Substation Operation,Central 1 Transmission Line & OPGW Crew,LINE,Sululta<>Gefersa 230kV,Line Conductor / OPGW / Insulator Patrol,2026-09-01T00:00:00.000Z,,2026-09-03T13:44:47.777Z,,,,,0
TK-2026-000002,Transmission Line Inspection Schedule — Sululta<>Gefersa 230kV,PREVENTIVE,MEDIUM,COMPLETED,PASS,Central 1 Region Transmission Substation Operation,Central 1 Transmission Line & OPGW Crew,LINE,Sululta<>Gefersa 230kV,Line Conductor / OPGW / Insulator Patrol,2026-09-03T00:00:00.000Z,,2026-09-04T07:45:18.223Z,2026-09-04T07:45:59.216Z,,,,60
TK-2026-000003,Transmission Line Inspection Schedule — Sululta<>Gefersa 230kV,INSPECTION,MEDIUM,COMPLETED,PASS,Central 1 Region Transmission Substation Operation,Central 1 Transmission Line & OPGW Crew,LINE,Sululta<>Gefersa 230kV,Line Conductor / OPGW / Insulator Patrol,2026-09-03T00:00:00.000Z,,2026-09-04T08:53:42.660Z,2026-09-04T11:38:46.259Z,,,,0
TK-2026-000004,aaaa — C1-001-021,INSPECTION,MEDIUM,COMPLETED,PASS,Central 1 Region Transmission Substation Operation,Central 1 Transmission Line & OPGW Crew,TOWER,C1-001-021,Line Conductor / OPGW / Insulator Patrol,2026-08-27T00:00:00.000Z,,2026-09-04T09:22:00.583Z,2026-09-04T09:22:00.655Z,,,,100
TK-SCRATCH-CAP,scratch capture test,INSPECTION,MEDIUM,CANCELLED,,Central 1 Region Transmission Substation Operation,Central 1 Transmission Line & OPGW Crew,NONE,,Line Conductor / OPGW / Insulator Patrol,2027-12-31T00:00:00Z,,2026-09-04T08:58:36.548Z,,,,,100
TK-2026-000005,EMERGENCY follow-up — TK-2026-000002,EMERGENCY,HIGH,COMPLETED,PASS,Central 1 Region Transmission Substation Operation,Central 1 Transmission Line & OPGW Crew,LINE,Sululta<>Gefersa 230kV,,2026-09-06T11:11:26.154Z,,2026-09-04T11:11:33.862Z,2026-09-04T11:56:07.639Z,Abrham Workie,Abrham Workie,,0
TK-2026-000006,Corrective follow-up — TK-2026-000004,CORRECTIVE,MEDIUM,COMPLETED,PASS,Central 1 Region Transmission Substation Operation,Central 1 Transmission Line & OPGW Crew,TOWER,C1-001-021,,2026-09-11T11:42:56.625Z,2026-09-04T11:43:13.438Z,2026-09-04T11:43:17.859Z,2026-09-04T11:55:23.385Z,Abrham Workie,,,0
TK-2026-000007,Corrective follow-up — TK-2026-000005,CORRECTIVE,MEDIUM,COMPLETED,PASS,Central 1 Region Transmission Substation Operation,Central 1 Transmission Line & OPGW Crew,LINE,Sululta<>Gefersa 230kV,,2026-09-11T11:56:14.289Z,2026-09-04T11:56:21.306Z,2026-09-04T11:56:25.089Z,2026-09-06T11:04:59.273Z,Abrham Workie,,,0
TK-2026-000008,Corrective follow-up — TK-2026-000004,CORRECTIVE,MEDIUM,COMPLETED,PASS,Central 1 Region Transmission Substation Operation,Central 1 Transmission Line & OPGW Crew,TOWER,C1-001-021,,2026-09-11T12:22:09.738Z,2026-09-05T06:37:49.480Z,2026-09-05T06:37:56.397Z,2026-09-06T05:21:13.671Z,Abrham Workie,,,0
TK-2026-000009,EMERGENCY follow-up — TK-2026-000002,EMERGENCY,HIGH,IN_PROGRESS,,Central 1 Region Transmission Substation Operation,Central 1 Transmission Line & OPGW Crew,LINE,Sululta<>Gefersa 230kV,,2026-09-06T12:33:13.606Z,,2026-09-04T12:33:20.808Z,,Abrham Workie,Abrham Workie,,0
TK-2026-000010,Corrective follow-up — TK-2026-000004,CORRECTIVE,MEDIUM,DRAFT,,Central 1 Region Transmission Substation Operation,Central 1 Transmission Line & OPGW Crew,TOWER,C1-001-021,,2026-09-13T11:21:34.769Z,,,,Abrham Workie,,,0